id, email, phone_number, parcel_weight
1, email1@email.com, 237 209993809, 24.45
2, email2@email.com, 258 852828436, 1.33
3, email3@email.com, 256 217813782, 15.16
4, email4@email.com, 251511056331, 9.73
5, email5@email.com, 251 543636241, 13.93
6, email6@email.com, 256 347564232, 1.27
7, email7@email.com, 256720708096, 8.71
8, email8@email.com, 256727281921, 1.42
9, email9@email.com, 256286610566, 12.55
10, email10@email.com, 212828477226, 14.40
11, email11@email.com, 256 261244331, 7.11
12, email12@email.com, 256 645845997, 11.20
13, email13@email.com, 256 395356404, 12.73
14, email14@email.com, 251252567912, 9.40
15, email15@email.com, 258 87127423, 3.69
16, email16@email.com, 212 905608793, 20.09
17, email17@email.com, 251 935247656, 3.49
18, email18@email.com, 258203966695, 5.09
19, email19@email.com, 23721520563, 0.83
20, email20@email.com, 251 990390343, 6.35
21, email21@email.com, 258216104012, 18.08
22, email22@email.com, 212 808882110, 1.81
23, email23@email.com, 258883426317, 16.64
24, email24@email.com, 25821159359, 1.56
25, email25@email.com, 251434823371, 12.87
26, email26@email.com, 256 573042485, 1.41
27, email27@email.com, 25885669765, 8.41
28, email28@email.com, 256 614997375, 8.66
29, email29@email.com, 212638539072, 24.12
30, email30@email.com, 256 343943069, 10.23
31, email31@email.com, 251435632379, 1.37
32, email32@email.com, 256 030107983, 0.59
33, email33@email.com, 258854643948, 0.78
34, email34@email.com, 237 64970986, 2.19
35, email35@email.com, 212 977615789, 23.66
36, email36@email.com, 256 736315592, 0.60
37, email37@email.com, 212 587993349, 14.71
38, email38@email.com, 256 978460044, 5.94
39, email39@email.com, 212 614016088, 12.72
40, email40@email.com, 251995055025, 20.08
41, email41@email.com, 256077630871, 23.88
42, email42@email.com, 251 125561911, 9.06
43, email43@email.com, 258 828848561, 16.53
44, email44@email.com, 212865991959, 16.73
45, email45@email.com, 251136159040, 15.39
46, email46@email.com, 251 159320943, 3.72
47, email47@email.com, 258287179123, 18.83
48, email48@email.com, 256 235375858, 9.31
49, email49@email.com, 237 32533830, 7.46
50, email50@email.com, 256837019630, 9.88
51, email51@email.com, 237344959262, 24.56
52, email52@email.com, 258826686046, 0.66
53, email53@email.com, 251226878830, 11.71
54, email54@email.com, 251293291713, 22.95
55, email55@email.com, 251176194135, 8.08
56, email56@email.com, 251 140604166, 24.23
57, email57@email.com, 256 646323149, 4.93
58, email58@email.com, 212912447343, 21.68
59, email59@email.com, 251359002853, 16.59
60, email60@email.com, 212983634895, 11.79
61, email61@email.com, 25820487734, 6.48
62, email62@email.com, 258 836099226, 24.85
63, email63@email.com, 256 050306426, 23.10
64, email64@email.com, 212 608840988, 12.32
65, email65@email.com, 212 662282900, 9.27
66, email66@email.com, 212679072275, 7.39
67, email67@email.com, 23734265499, 10.37
68, email68@email.com, 256776029029, 10.21
69, email69@email.com, 25889743130, 9.77
70, email70@email.com, 256646457754, 2.48
71, email71@email.com, 251 347328843, 5.25
72, email72@email.com, 258 88236316, 10.45
73, email73@email.com, 237 89514331, 15.42
74, email74@email.com, 251 977688541, 23.86
75, email75@email.com, 251394260887, 17.62
76, email76@email.com, 258 210070641, 20.28
77, email77@email.com, 258242262523, 4.61
78, email78@email.com, 237 22291746, 16.80
79, email79@email.com, 212 859185886, 12.76
80, email80@email.com, 25821886785, 16.67
81, email81@email.com, 251 178810733, 9.30
82, email82@email.com, 258835794358, 3.19
83, email83@email.com, 256815451662, 11.76
84, email84@email.com, 258 800113282, 10.25
85, email85@email.com, 256 399461907, 21.93
86, email86@email.com, 258287679024, 18.96
87, email87@email.com, 258 26723348, 24.08
88, email88@email.com, 237823227684, 12.81
89, email89@email.com, 212 989968582, 8.82
90, email90@email.com, 23764842638, 6.86
91, email91@email.com, 256 821392283, 15.98
92, email92@email.com, 251983579629, 6.58
93, email93@email.com, 258 846322950, 7.10
94, email94@email.com, 251 419628497, 14.33
95, email95@email.com, 237 656395274, 3.24
96, email96@email.com, 258265213127, 4.55
97, email97@email.com, 212545091390, 15.24
98, email98@email.com, 237208953323, 22.78
99, email99@email.com, 256 105710940, 4.51
100, email100@email.com, 237 82457493, 7.44
101, email101@email.com, 251 937291701, 2.44
102, email102@email.com, 256 651414104, 15.81
103, email103@email.com, 212 877809047, 10.74
104, email104@email.com, 212556258368, 16.06
105, email105@email.com, 237897605024, 11.95
106, email106@email.com, 258874501452, 1.09
107, email107@email.com, 256 366720835, 12.42
108, email108@email.com, 251460111361, 5.08
109, email109@email.com, 237824830229, 4.56
110, email110@email.com, 23736849706, 8.90
111, email111@email.com, 256 563672961, 4.39
112, email112@email.com, 251389129890, 3.41
113, email113@email.com, 256185649071, 12.80
114, email114@email.com, 237 353668541, 10.48
115, email115@email.com, 256 412088203, 21.34
116, email116@email.com, 251324152812, 2.60
117, email117@email.com, 25888402026, 7.52
118, email118@email.com, 258221073360, 18.06
119, email119@email.com, 256 766875737, 7.06
120, email120@email.com, 256760003321, 9.68
121, email121@email.com, 258803108183, 13.88
122, email122@email.com, 237814048116, 0.77
123, email123@email.com, 258 899430144, 6.49
124, email124@email.com, 258839616352, 16.81
125, email125@email.com, 251 525390971, 4.98
126, email126@email.com, 212 692735489, 4.42
127, email127@email.com, 23764595833, 20.39
128, email128@email.com, 251 275490134, 22.59
129, email129@email.com, 258202188922, 8.45
130, email130@email.com, 256 969126360, 18.86
131, email131@email.com, 237 834017094, 11.45
132, email132@email.com, 256 396748307, 18.00
133, email133@email.com, 256 831788758, 4.54
134, email134@email.com, 237 22439506, 6.37
135, email135@email.com, 212 973600188, 10.46
136, email136@email.com, 256 567550332, 7.55
137, email137@email.com, 237 84152139, 4.98
138, email138@email.com, 23789341674, 24.72
139, email139@email.com, 258 872110841, 17.36
140, email140@email.com, 256 330132106, 3.64
141, email141@email.com, 237801679320, 10.79
142, email142@email.com, 258 86171439, 9.42
143, email143@email.com, 251 548611944, 15.06
144, email144@email.com, 23735250886, 5.75
145, email145@email.com, 258 223615306, 4.39
146, email146@email.com, 212 998104567, 23.93
147, email147@email.com, 251 455806180, 15.50
148, email148@email.com, 212797684417, 11.50
149, email149@email.com, 256 782145266, 20.07
150, email150@email.com, 251 116794366, 12.70
151, email151@email.com, 237 61202345, 14.92
152, email152@email.com, 256 693320234, 7.27
153, email153@email.com, 258871461512, 12.48
154, email154@email.com, 258 847157597, 0.30
155, email155@email.com, 212 765703653, 21.12
156, email156@email.com, 258 28074276, 18.58
157, email157@email.com, 256345621646, 17.42
158, email158@email.com, 237 60112682, 8.92
159, email159@email.com, 212854846145, 22.56
160, email160@email.com, 237 261515086, 13.73
161, email161@email.com, 251 243517164, 18.42
162, email162@email.com, 256 921911228, 11.03
163, email163@email.com, 256 299986675, 1.17
164, email164@email.com, 251962522620, 13.38
165, email165@email.com, 237 30440363, 21.21
166, email166@email.com, 251313987075, 12.36
167, email167@email.com, 212503102099, 13.31
168, email168@email.com, 237 23259337, 13.65
169, email169@email.com, 212 756053826, 20.18
170, email170@email.com, 251984777943, 7.81
171, email171@email.com, 25887215037, 17.96
172, email172@email.com, 212 673337551, 5.70
173, email173@email.com, 237 61987810, 16.42
174, email174@email.com, 251 960266552, 20.58
175, email175@email.com, 256 323117503, 18.24
176, email176@email.com, 251270216097, 16.45
177, email177@email.com, 212 769571671, 13.76
178, email178@email.com, 237324782469, 22.30
179, email179@email.com, 23787076668, 10.93
180, email180@email.com, 258 849077689, 12.79
181, email181@email.com, 212 988593934, 14.03
182, email182@email.com, 212 730275859, 7.17
183, email183@email.com, 212 902522426, 17.19
184, email184@email.com, 212 501343583, 6.11
185, email185@email.com, 212 546137955, 5.57
186, email186@email.com, 256865289017, 23.49
187, email187@email.com, 251213779326, 17.78
188, email188@email.com, 212 891415752, 14.82
189, email189@email.com, 212 512052761, 13.86
190, email190@email.com, 212814123872, 6.85
191, email191@email.com, 212 650590555, 13.21
192, email192@email.com, 251 997773488, 23.32
193, email193@email.com, 251946580771, 21.43
194, email194@email.com, 256873479825, 17.86
195, email195@email.com, 251201603242, 4.61
196, email196@email.com, 256755089348, 5.31
197, email197@email.com, 212 794981728, 13.29
198, email198@email.com, 251 532187187, 1.75
199, email199@email.com, 256466401656, 17.73
200, email200@email.com, 251972965451, 9.28
201, email201@email.com, 256 802729624, 14.19
202, email202@email.com, 237 33260122, 6.26
203, email203@email.com, 212939867082, 10.59
204, email204@email.com, 212 589803523, 1.40
205, email205@email.com, 237644603396, 7.25
206, email206@email.com, 258 21445750, 9.62
207, email207@email.com, 256 731397752, 20.18
208, email208@email.com, 256899939538, 22.31
209, email209@email.com, 212 565572230, 24.52
210, email210@email.com, 256950239157, 5.83
211, email211@email.com, 256 894433576, 6.08
212, email212@email.com, 256 015739696, 24.92
213, email213@email.com, 251347292306, 13.89
214, email214@email.com, 256262871335, 0.32
215, email215@email.com, 258 29024306, 8.39
216, email216@email.com, 256215537023, 14.69
217, email217@email.com, 251494802318, 3.83
218, email218@email.com, 251348643008, 21.34
219, email219@email.com, 251 539529592, 3.51
220, email220@email.com, 251912703008, 22.95
221, email221@email.com, 212813937502, 18.20
222, email222@email.com, 251 517703708, 19.80
223, email223@email.com, 256398508408, 15.30
224, email224@email.com, 251462488277, 15.53
225, email225@email.com, 256 259829868, 3.02
226, email226@email.com, 212586773827, 8.35
227, email227@email.com, 251 164337458, 4.18
228, email228@email.com, 212 950178931, 5.37
229, email229@email.com, 251 337989017, 22.09
230, email230@email.com, 212622022564, 17.91
231, email231@email.com, 256014951691, 12.94
232, email232@email.com, 256 104084087, 2.00
233, email233@email.com, 251 424583708, 1.65
234, email234@email.com, 212 701434057, 13.39
235, email235@email.com, 258274111875, 17.51
236, email236@email.com, 256213987789, 24.62
237, email237@email.com, 256103387517, 7.79
238, email238@email.com, 237 265073148, 9.32
239, email239@email.com, 212802534803, 5.51
240, email240@email.com, 212 767178423, 18.20
241, email241@email.com, 258 81615533, 23.50
242, email242@email.com, 237 25040858, 23.82
243, email243@email.com, 251 940139617, 12.11
244, email244@email.com, 23735971102, 21.96
245, email245@email.com, 251 296685068, 21.57
246, email246@email.com, 237 68548912, 20.04
247, email247@email.com, 256006090728, 7.07
248, email248@email.com, 23785390624, 11.39
249, email249@email.com, 212 643411977, 9.17
250, email250@email.com, 251 190337781, 16.57
251, email251@email.com, 237 87934298, 17.88
252, email252@email.com, 256 806926328, 10.13
253, email253@email.com, 256 880660775, 20.30
254, email254@email.com, 256182311629, 23.79
255, email255@email.com, 251233895528, 0.25
256, email256@email.com, 258297816183, 8.89
257, email257@email.com, 256 313007516, 24.73
258, email258@email.com, 256 248174822, 17.57
259, email259@email.com, 256 336481138, 13.42
260, email260@email.com, 258865053373, 11.66
261, email261@email.com, 258 809296893, 23.82
262, email262@email.com, 237 823643689, 21.08
263, email263@email.com, 25826953456, 6.81
264, email264@email.com, 256037071468, 3.26
265, email265@email.com, 212 583384147, 0.32
266, email266@email.com, 258843565606, 4.83
267, email267@email.com, 251259452998, 16.59
268, email268@email.com, 256325752702, 10.55
269, email269@email.com, 212766704565, 22.16
270, email270@email.com, 212 555457945, 23.94
271, email271@email.com, 258 83042064, 8.28
272, email272@email.com, 25881021581, 23.85
273, email273@email.com, 256 518066827, 16.42
274, email274@email.com, 258 213125416, 0.31
275, email275@email.com, 251257353591, 1.45
276, email276@email.com, 212 915000139, 23.41
277, email277@email.com, 237373063588, 17.41
278, email278@email.com, 256 097350129, 12.98
279, email279@email.com, 256 540951250, 9.43
280, email280@email.com, 256 081313425, 18.82
281, email281@email.com, 23730943310, 23.33
282, email282@email.com, 251 164866563, 21.00
283, email283@email.com, 258 28410578, 10.67
284, email284@email.com, 212506648141, 13.84
285, email285@email.com, 212 919941641, 7.20
286, email286@email.com, 237 867442526, 11.74
287, email287@email.com, 237 25578164, 13.93
288, email288@email.com, 256 678231533, 1.15
289, email289@email.com, 256 439983969, 21.06
290, email290@email.com, 256 284807530, 14.76
291, email291@email.com, 251451946937, 8.38
292, email292@email.com, 251 253562180, 5.35
293, email293@email.com, 256856812492, 1.70
294, email294@email.com, 212 646075703, 1.82
295, email295@email.com, 212514484305, 3.57
296, email296@email.com, 212647877806, 8.19
297, email297@email.com, 256 537657623, 7.01
298, email298@email.com, 212 908389706, 15.28
299, email299@email.com, 212544583799, 8.23
300, email300@email.com, 23731499303, 7.87
301, email301@email.com, 256 657901643, 22.12
302, email302@email.com, 258830252892, 10.19
303, email303@email.com, 258 236135699, 6.41
304, email304@email.com, 251 234665624, 5.99
305, email305@email.com, 212940700812, 4.92
306, email306@email.com, 25884476227, 23.82
307, email307@email.com, 251911874204, 20.01
308, email308@email.com, 256921053232, 23.47
309, email309@email.com, 237 268043945, 1.75
310, email310@email.com, 212 920341899, 23.42
311, email311@email.com, 256937517622, 21.73
312, email312@email.com, 212 703193988, 22.81
313, email313@email.com, 212 508358900, 3.63
314, email314@email.com, 251502594789, 10.24
315, email315@email.com, 212 957345647, 20.97
316, email316@email.com, 237 86447720, 10.71
317, email317@email.com, 256687825941, 6.30
318, email318@email.com, 251 240690679, 3.63
319, email319@email.com, 256 363196177, 14.31
320, email320@email.com, 237281238566, 18.07
321, email321@email.com, 251 487983473, 19.67
322, email322@email.com, 251163609803, 5.88
323, email323@email.com, 212 563768544, 6.91
324, email324@email.com, 256447900439, 21.09
325, email325@email.com, 256669581182, 9.66
326, email326@email.com, 258 88729247, 20.27
327, email327@email.com, 251580517070, 18.57
328, email328@email.com, 258871972832, 17.58
329, email329@email.com, 258883372664, 20.13
330, email330@email.com, 237 664786762, 0.66
331, email331@email.com, 256 148730875, 16.06
332, email332@email.com, 256 670614985, 17.04
333, email333@email.com, 237 38522434, 2.69
334, email334@email.com, 237 63237747, 3.00
335, email335@email.com, 25888050282, 23.43
336, email336@email.com, 256 341653359, 24.90
337, email337@email.com, 258 20696157, 22.08
338, email338@email.com, 23789808030, 3.20
339, email339@email.com, 212 833130604, 20.95
340, email340@email.com, 25828971793, 5.37
341, email341@email.com, 237 871329720, 19.39
342, email342@email.com, 212 815107512, 7.02
343, email343@email.com, 251 947085863, 6.17
344, email344@email.com, 256 286858050, 9.32
345, email345@email.com, 237 263787766, 13.67
346, email346@email.com, 251958931254, 3.80
347, email347@email.com, 256180155250, 21.19
348, email348@email.com, 212839056484, 12.85
349, email349@email.com, 258836948419, 0.11
350, email350@email.com, 237 61174327, 16.78
351, email351@email.com, 212 894765760, 20.41
352, email352@email.com, 25888477472, 8.70
353, email353@email.com, 23761200193, 3.93
354, email354@email.com, 256538797757, 24.71
355, email355@email.com, 25881492564, 17.87
356, email356@email.com, 212 674357528, 13.28
357, email357@email.com, 23764498137, 3.26
358, email358@email.com, 256 973594441, 4.05
359, email359@email.com, 258 87926959, 14.28
360, email360@email.com, 256282950329, 19.10
361, email361@email.com, 256 384906012, 4.32
362, email362@email.com, 251 239735152, 7.53
363, email363@email.com, 212 684079042, 2.66
364, email364@email.com, 237 220803441, 6.96
365, email365@email.com, 256429104093, 1.15
366, email366@email.com, 212686849497, 13.84
367, email367@email.com, 237 66270872, 21.60
368, email368@email.com, 251974619613, 21.43
369, email369@email.com, 256 724855871, 1.93
370, email370@email.com, 25883658130, 18.57
371, email371@email.com, 212732693000, 0.84
372, email372@email.com, 256 092620310, 9.72
373, email373@email.com, 251 334373279, 9.88
374, email374@email.com, 251 988812434, 19.35
375, email375@email.com, 258 880365457, 22.62
376, email376@email.com, 256388471453, 13.04
377, email377@email.com, 237671959167, 0.49
378, email378@email.com, 258 235981198, 10.41
379, email379@email.com, 237 376269811, 17.27
380, email380@email.com, 212795380749, 16.02
381, email381@email.com, 251921715605, 12.14
382, email382@email.com, 256649007364, 16.98
383, email383@email.com, 256879692164, 23.50
384, email384@email.com, 258830944237, 11.55
385, email385@email.com, 25885115394, 24.27
386, email386@email.com, 256869567125, 0.80
387, email387@email.com, 237 25367920, 16.17
388, email388@email.com, 23732799527, 7.69
389, email389@email.com, 258 262230922, 17.74
390, email390@email.com, 25887080149, 14.10
391, email391@email.com, 256068155634, 5.45
392, email392@email.com, 256 254118833, 6.75
393, email393@email.com, 256033853426, 14.69
394, email394@email.com, 237 365503220, 22.60
395, email395@email.com, 251 358583710, 2.60
396, email396@email.com, 237219811485, 2.69
397, email397@email.com, 258 88474152, 23.41
398, email398@email.com, 212773024588, 4.47
399, email399@email.com, 256 923932839, 0.96
400, email400@email.com, 212825438287, 14.14
401, email401@email.com, 251405245529, 10.45
402, email402@email.com, 237216546333, 21.83
403, email403@email.com, 256661428990, 13.91
404, email404@email.com, 212839588837, 16.28
405, email405@email.com, 212744247611, 5.12
406, email406@email.com, 251 180056741, 3.56
407, email407@email.com, 251 588867012, 21.19
408, email408@email.com, 256444709535, 24.76
409, email409@email.com, 25829562445, 6.25
410, email410@email.com, 256028542671, 18.99
411, email411@email.com, 258 88629451, 11.95
412, email412@email.com, 237 807121931, 14.28
413, email413@email.com, 256577160521, 12.57
414, email414@email.com, 237 69258039, 12.69
415, email415@email.com, 237 329727874, 3.12
416, email416@email.com, 256570727811, 21.51
417, email417@email.com, 23769805494, 16.80
418, email418@email.com, 237240903532, 15.56
419, email419@email.com, 258 26784477, 10.44
420, email420@email.com, 258211739941, 13.12
421, email421@email.com, 258217978555, 10.17
422, email422@email.com, 251 917995192, 11.55
423, email423@email.com, 256 988622255, 6.12
424, email424@email.com, 256 522357529, 14.85
425, email425@email.com, 251422809158, 21.95
426, email426@email.com, 251 137899196, 7.44
427, email427@email.com, 212556313327, 11.61
428, email428@email.com, 251 351140977, 9.63
429, email429@email.com, 256629917743, 16.09
430, email430@email.com, 258823541629, 0.60
431, email431@email.com, 212691927118, 23.13
432, email432@email.com, 237820429167, 22.42
433, email433@email.com, 237 69140190, 6.09
434, email434@email.com, 212989407469, 1.77
435, email435@email.com, 256 203605064, 0.89
436, email436@email.com, 212995856454, 17.83
437, email437@email.com, 212 649367447, 21.85
438, email438@email.com, 212622532078, 11.56
439, email439@email.com, 251 597192769, 1.76
440, email440@email.com, 251 257877000, 11.39
441, email441@email.com, 212579266088, 5.55
442, email442@email.com, 212517842988, 1.87
443, email443@email.com, 258801494854, 13.05
444, email444@email.com, 258259957082, 4.20
445, email445@email.com, 251517079056, 3.40
446, email446@email.com, 256462477455, 11.59
447, email447@email.com, 25829657444, 15.11
448, email448@email.com, 258 84199525, 1.26
449, email449@email.com, 258213111768, 18.66
450, email450@email.com, 256 562892720, 3.02
451, email451@email.com, 212 968623588, 9.55
452, email452@email.com, 256040855738, 11.63
453, email453@email.com, 258 221455527, 3.40
454, email454@email.com, 256 309883761, 23.79
455, email455@email.com, 25828472648, 12.03
456, email456@email.com, 237327817538, 14.70
457, email457@email.com, 212691211630, 14.00
458, email458@email.com, 212 643172131, 12.76
459, email459@email.com, 258 267020840, 6.11
460, email460@email.com, 251 391876033, 11.44
461, email461@email.com, 251219819904, 1.54
462, email462@email.com, 256 638399354, 21.32
463, email463@email.com, 256991554131, 17.14
464, email464@email.com, 212 847032473, 23.52
465, email465@email.com, 251163469325, 9.60
466, email466@email.com, 237 264118418, 11.98
467, email467@email.com, 212516129157, 6.37
468, email468@email.com, 256474546362, 10.07
469, email469@email.com, 256686767962, 16.29
470, email470@email.com, 237 600006631, 18.66
471, email471@email.com, 212 630355003, 9.93
472, email472@email.com, 251408982308, 21.51
473, email473@email.com, 256492641372, 7.91
474, email474@email.com, 251 180409857, 9.11
475, email475@email.com, 237 655495311, 5.87
476, email476@email.com, 25881205395, 7.85
477, email477@email.com, 251950569241, 24.90
478, email478@email.com, 256369889137, 14.07
479, email479@email.com, 251 249337930, 20.46
480, email480@email.com, 251 469604610, 23.74
481, email481@email.com, 212 693150763, 2.27
482, email482@email.com, 212956467268, 2.94
483, email483@email.com, 251501185176, 20.40
484, email484@email.com, 256337011006, 0.44
485, email485@email.com, 251213441321, 21.40
486, email486@email.com, 212 817184031, 2.33
487, email487@email.com, 251 299426648, 18.89
488, email488@email.com, 25828749663, 13.04
489, email489@email.com, 237 25594756, 23.01
490, email490@email.com, 251226028058, 13.10
491, email491@email.com, 212638360917, 14.97
492, email492@email.com, 25886809581, 6.19
493, email493@email.com, 251 980911048, 4.33
494, email494@email.com, 258203381599, 16.07
495, email495@email.com, 256409561028, 11.19
496, email496@email.com, 251 931390174, 8.47
497, email497@email.com, 25880810054, 0.32
498, email498@email.com, 25886859537, 3.44
499, email499@email.com, 251 922460046, 24.82
500, email500@email.com, 251 270721766, 14.46